<?xml version="1.0" encoding="UTF-8"?>
<gnm:Workbook xmlns:gnm="http://www.gnumeric.org/v10.dtd" xmlns:xsi="http://www.w3.org/2001/XMLSchema-instance" xsi:schemaLocation="http://www.gnumeric.org/v9.xsd">
  <gnm:Version Epoch="1" Major="12" Minor="49" Full="1.12.49"/>
  <gnm:Attributes>
    <gnm:Attribute>
      <gnm:name>WorkbookView::show_horizontal_scrollbar</gnm:name>
      <gnm:value>TRUE</gnm:value>
    </gnm:Attribute>
    <gnm:Attribute>
      <gnm:name>WorkbookView::show_vertical_scrollbar</gnm:name>
      <gnm:value>TRUE</gnm:value>
    </gnm:Attribute>
    <gnm:Attribute>
      <gnm:name>WorkbookView::show_notebook_tabs</gnm:name>
      <gnm:value>TRUE</gnm:value>
    </gnm:Attribute>
    <gnm:Attribute>
      <gnm:name>WorkbookView::do_auto_completion</gnm:name>
      <gnm:value>TRUE</gnm:value>
    </gnm:Attribute>
    <gnm:Attribute>
      <gnm:name>WorkbookView::is_protected</gnm:name>
      <gnm:value>FALSE</gnm:value>
    </gnm:Attribute>
  </gnm:Attributes>
  <office:document-meta xmlns:office="urn:oasis:names:tc:opendocument:xmlns:office:1.0" xmlns:xlink="http://www.w3.org/1999/xlink" xmlns:dc="http://purl.org/dc/elements/1.1/" xmlns:meta="urn:oasis:names:tc:opendocument:xmlns:meta:1.0" xmlns:ooo="http://openoffice.org/2004/office" office:version="1.2">
    <office:meta>
      <dc:date>2021-10-21T14:13:04Z</dc:date>
      <meta:creation-date>2021-10-21T13:27:03Z</meta:creation-date>
    </office:meta>
  </office:document-meta>
  <gnm:Calculation ManualRecalc="0" EnableIteration="1" MaxIterations="100" IterationTolerance="0.001" FloatRadix="2" FloatDigits="53"/>
  <gnm:SheetNameIndex>
    <gnm:SheetName gnm:Cols="256" gnm:Rows="65536">Feuille1</gnm:SheetName>
    <gnm:SheetName gnm:Cols="256" gnm:Rows="65536">Feuille2</gnm:SheetName>
    <gnm:SheetName gnm:Cols="256" gnm:Rows="65536">Feuille3</gnm:SheetName>
  </gnm:SheetNameIndex>
  <gnm:Geometry Width="1024" Height="369"/>
  <gnm:Sheets>
    <gnm:Sheet DisplayFormulas="0" HideZero="0" HideGrid="0" HideColHeader="0" HideRowHeader="0" DisplayOutlines="1" OutlineSymbolsBelow="1" OutlineSymbolsRight="1" Visibility="GNM_SHEET_VISIBILITY_VISIBLE" GridColor="0:0:0">
      <gnm:Name>Feuille1</gnm:Name>
      <gnm:MaxCol>11</gnm:MaxCol>
      <gnm:MaxRow>10</gnm:MaxRow>
      <gnm:Zoom>1</gnm:Zoom>
      <gnm:Names>
        <gnm:Name>
          <gnm:name>Print_Area</gnm:name>
          <gnm:value>#REF!</gnm:value>
          <gnm:position>A1</gnm:position>
        </gnm:Name>
        <gnm:Name>
          <gnm:name>Sheet_Title</gnm:name>
          <gnm:value>&quot;Feuille1&quot;</gnm:value>
          <gnm:position>A1</gnm:position>
        </gnm:Name>
      </gnm:Names>
      <gnm:PrintInformation>
        <gnm:Margins>
          <gnm:top Points="120" PrefUnit="mm"/>
          <gnm:bottom Points="120" PrefUnit="mm"/>
          <gnm:left Points="72" PrefUnit="mm"/>
          <gnm:right Points="72" PrefUnit="mm"/>
          <gnm:header Points="72" PrefUnit="mm"/>
          <gnm:footer Points="72" PrefUnit="mm"/>
        </gnm:Margins>
        <gnm:Scale type="percentage" percentage="100"/>
        <gnm:vcenter value="0"/>
        <gnm:hcenter value="0"/>
        <gnm:grid value="0"/>
        <gnm:even_if_only_styles value="0"/>
        <gnm:monochrome value="0"/>
        <gnm:draft value="0"/>
        <gnm:titles value="0"/>
        <gnm:do_not_print value="0"/>
        <gnm:print_range value="GNM_PRINT_ACTIVE_SHEET"/>
        <gnm:order>d_then_r</gnm:order>
        <gnm:orientation>portrait</gnm:orientation>
        <gnm:Header Left="" Middle="&amp;[TAB]" Right=""/>
        <gnm:Footer Left="" Middle="Page &amp;[PAGE]" Right=""/>
        <gnm:paper>iso_a4</gnm:paper>
        <gnm:comments placement="GNM_PRINT_COMMENTS_IN_PLACE"/>
        <gnm:errors PrintErrorsAs="GNM_PRINT_ERRORS_AS_DISPLAYED"/>
      </gnm:PrintInformation>
      <gnm:Styles>
        <gnm:StyleRegion startCol="0" startRow="0" endCol="0" endRow="10">
          <gnm:Style HAlign="GNM_HALIGN_GENERAL" VAlign="GNM_VALIGN_BOTTOM" WrapText="0" ShrinkToFit="0" Rotation="0" Shade="0" Indent="0" Locked="1" Hidden="0" Fore="0:0:0" Back="FFFF:FFFF:FFFF" PatternColor="0:0:0" Format="General">
            <gnm:Font Unit="10" Bold="0" Italic="0" Underline="0" StrikeThrough="0" Script="0">Sans</gnm:Font>
          </gnm:Style>
        </gnm:StyleRegion>
        <gnm:StyleRegion startCol="0" startRow="11" endCol="255" endRow="65535">
          <gnm:Style HAlign="GNM_HALIGN_GENERAL" VAlign="GNM_VALIGN_BOTTOM" WrapText="0" ShrinkToFit="0" Rotation="0" Shade="0" Indent="0" Locked="1" Hidden="0" Fore="0:0:0" Back="FFFF:FFFF:FFFF" PatternColor="0:0:0" Format="General">
            <gnm:Font Unit="10" Bold="0" Italic="0" Underline="0" StrikeThrough="0" Script="0">Sans</gnm:Font>
          </gnm:Style>
        </gnm:StyleRegion>
        <gnm:StyleRegion startCol="1" startRow="0" endCol="1" endRow="10">
          <gnm:Style HAlign="GNM_HALIGN_GENERAL" VAlign="GNM_VALIGN_BOTTOM" WrapText="0" ShrinkToFit="0" Rotation="0" Shade="0" Indent="0" Locked="1" Hidden="0" Fore="0:0:0" Back="FFFF:FFFF:FFFF" PatternColor="0:0:0" Format="0.000">
            <gnm:Font Unit="10" Bold="0" Italic="0" Underline="0" StrikeThrough="0" Script="0">Sans</gnm:Font>
          </gnm:Style>
        </gnm:StyleRegion>
        <gnm:StyleRegion startCol="2" startRow="0" endCol="5" endRow="0">
          <gnm:Style HAlign="GNM_HALIGN_GENERAL" VAlign="GNM_VALIGN_BOTTOM" WrapText="0" ShrinkToFit="0" Rotation="0" Shade="0" Indent="0" Locked="1" Hidden="0" Fore="0:0:0" Back="FFFF:FFFF:FFFF" PatternColor="0:0:0" Format="General">
            <gnm:Font Unit="10" Bold="0" Italic="0" Underline="0" StrikeThrough="0" Script="0">Sans</gnm:Font>
          </gnm:Style>
        </gnm:StyleRegion>
        <gnm:StyleRegion startCol="2" startRow="1" endCol="10" endRow="1">
          <gnm:Style HAlign="GNM_HALIGN_GENERAL" VAlign="GNM_VALIGN_BOTTOM" WrapText="0" ShrinkToFit="0" Rotation="0" Shade="0" Indent="0" Locked="1" Hidden="0" Fore="0:0:0" Back="FFFF:FFFF:FFFF" PatternColor="0:0:0" Format="General">
            <gnm:Font Unit="10" Bold="0" Italic="0" Underline="0" StrikeThrough="0" Script="0">Sans</gnm:Font>
          </gnm:Style>
        </gnm:StyleRegion>
        <gnm:StyleRegion startCol="2" startRow="2" endCol="3" endRow="10">
          <gnm:Style HAlign="GNM_HALIGN_GENERAL" VAlign="GNM_VALIGN_BOTTOM" WrapText="0" ShrinkToFit="0" Rotation="0" Shade="0" Indent="0" Locked="1" Hidden="0" Fore="0:0:0" Back="FFFF:FFFF:FFFF" PatternColor="0:0:0" Format="General">
            <gnm:Font Unit="10" Bold="0" Italic="0" Underline="0" StrikeThrough="0" Script="0">Sans</gnm:Font>
          </gnm:Style>
        </gnm:StyleRegion>
        <gnm:StyleRegion startCol="4" startRow="2" endCol="4" endRow="10">
          <gnm:Style HAlign="GNM_HALIGN_GENERAL" VAlign="GNM_VALIGN_BOTTOM" WrapText="0" ShrinkToFit="0" Rotation="0" Shade="0" Indent="0" Locked="1" Hidden="0" Fore="0:0:0" Back="FFFF:FFFF:FFFF" PatternColor="0:0:0" Format="0.000">
            <gnm:Font Unit="10" Bold="0" Italic="0" Underline="0" StrikeThrough="0" Script="0">Sans</gnm:Font>
          </gnm:Style>
        </gnm:StyleRegion>
        <gnm:StyleRegion startCol="5" startRow="2" endCol="255" endRow="10">
          <gnm:Style HAlign="GNM_HALIGN_GENERAL" VAlign="GNM_VALIGN_BOTTOM" WrapText="0" ShrinkToFit="0" Rotation="0" Shade="0" Indent="0" Locked="1" Hidden="0" Fore="0:0:0" Back="FFFF:FFFF:FFFF" PatternColor="0:0:0" Format="General">
            <gnm:Font Unit="10" Bold="0" Italic="0" Underline="0" StrikeThrough="0" Script="0">Sans</gnm:Font>
          </gnm:Style>
        </gnm:StyleRegion>
        <gnm:StyleRegion startCol="6" startRow="0" endCol="8" endRow="0">
          <gnm:Style HAlign="GNM_HALIGN_CENTER_ACROSS_SELECTION" VAlign="GNM_VALIGN_BOTTOM" WrapText="0" ShrinkToFit="0" Rotation="0" Shade="0" Indent="0" Locked="1" Hidden="0" Fore="0:0:0" Back="FFFF:FFFF:FFFF" PatternColor="0:0:0" Format="General">
            <gnm:Font Unit="10" Bold="0" Italic="0" Underline="0" StrikeThrough="0" Script="0">Sans</gnm:Font>
          </gnm:Style>
        </gnm:StyleRegion>
        <gnm:StyleRegion startCol="9" startRow="0" endCol="255" endRow="0">
          <gnm:Style HAlign="GNM_HALIGN_GENERAL" VAlign="GNM_VALIGN_BOTTOM" WrapText="0" ShrinkToFit="0" Rotation="0" Shade="0" Indent="0" Locked="1" Hidden="0" Fore="0:0:0" Back="FFFF:FFFF:FFFF" PatternColor="0:0:0" Format="General">
            <gnm:Font Unit="10" Bold="0" Italic="0" Underline="0" StrikeThrough="0" Script="0">Sans</gnm:Font>
          </gnm:Style>
        </gnm:StyleRegion>
        <gnm:StyleRegion startCol="11" startRow="1" endCol="11" endRow="1">
          <gnm:Style HAlign="GNM_HALIGN_GENERAL" VAlign="GNM_VALIGN_BOTTOM" WrapText="0" ShrinkToFit="0" Rotation="0" Shade="0" Indent="0" Locked="1" Hidden="0" Fore="0:0:0" Back="FFFF:FFFF:FFFF" PatternColor="0:0:0" Format="0.000">
            <gnm:Font Unit="10" Bold="0" Italic="0" Underline="0" StrikeThrough="0" Script="0">Sans</gnm:Font>
          </gnm:Style>
        </gnm:StyleRegion>
        <gnm:StyleRegion startCol="12" startRow="1" endCol="255" endRow="1">
          <gnm:Style HAlign="GNM_HALIGN_GENERAL" VAlign="GNM_VALIGN_BOTTOM" WrapText="0" ShrinkToFit="0" Rotation="0" Shade="0" Indent="0" Locked="1" Hidden="0" Fore="0:0:0" Back="FFFF:FFFF:FFFF" PatternColor="0:0:0" Format="General">
            <gnm:Font Unit="10" Bold="0" Italic="0" Underline="0" StrikeThrough="0" Script="0">Sans</gnm:Font>
          </gnm:Style>
        </gnm:StyleRegion>
      </gnm:Styles>
      <gnm:Cols DefaultSizePts="48">
        <gnm:ColInfo No="10" Unit="64.5" HardSize="1"/>
      </gnm:Cols>
      <gnm:Rows DefaultSizePts="13.5"/>
      <gnm:Selections CursorCol="11" CursorRow="2">
        <gnm:Selection startCol="11" startRow="2" endCol="11" endRow="2"/>
      </gnm:Selections>
      <gnm:Cells>
        <gnm:Cell Row="0" Col="0" ValueType="60">Rebond</gnm:Cell>
        <gnm:Cell Row="0" Col="1" ValueType="60">a</gnm:Cell>
        <gnm:Cell Row="0" Col="2" ValueType="60">c</gnm:Cell>
        <gnm:Cell Row="0" Col="3" ValueType="60">T0</gnm:Cell>
        <gnm:Cell Row="0" Col="6" ValueType="60">z(t)=a+c*(t-T0)^2</gnm:Cell>
        <gnm:Cell Row="0" Col="10" ValueType="60">pesanteur</gnm:Cell>
        <gnm:Cell Row="0" Col="11">=average(C2:C11)*(-2)</gnm:Cell>
        <gnm:Cell Row="1" Col="0" ValueType="40">1</gnm:Cell>
        <gnm:Cell Row="1" Col="1" ValueType="40">0.36299999999999999</gnm:Cell>
        <gnm:Cell Row="1" Col="2" ValueType="40">-4.6200000000000001</gnm:Cell>
        <gnm:Cell Row="1" Col="3" ValueType="40">0.47399999999999998</gnm:Cell>
        <gnm:Cell Row="1" Col="6" ValueType="60">m_balle</gnm:Cell>
        <gnm:Cell Row="1" Col="7" ValueType="40">2.6819999999999999</gnm:Cell>
        <gnm:Cell Row="1" Col="8" ValueType="60">g</gnm:Cell>
        <gnm:Cell Row="1" Col="10" ValueType="60">coeff restit</gnm:Cell>
        <gnm:Cell Row="1" Col="11" ExprID="1">=average(E3:E11)</gnm:Cell>
        <gnm:Cell Row="2" Col="0" ValueType="40">2</gnm:Cell>
        <gnm:Cell Row="2" Col="1" ValueType="40">0.28399999999999997</gnm:Cell>
        <gnm:Cell Row="2" Col="2" ValueType="40">-4.5700000000000003</gnm:Cell>
        <gnm:Cell Row="2" Col="3" ValueType="40">1</gnm:Cell>
        <gnm:Cell Row="2" Col="4" ExprID="2">=B3/B2</gnm:Cell>
        <gnm:Cell Row="3" Col="0" ValueType="40">3</gnm:Cell>
        <gnm:Cell Row="3" Col="1" ValueType="40">0.22900000000000001</gnm:Cell>
        <gnm:Cell Row="3" Col="2" ValueType="40">-4.54</gnm:Cell>
        <gnm:Cell Row="3" Col="3" ValueType="40">1.47</gnm:Cell>
        <gnm:Cell Row="3" Col="4" ExprID="2"/>
        <gnm:Cell Row="4" Col="0" ValueType="40">4</gnm:Cell>
        <gnm:Cell Row="4" Col="1" ValueType="40">0.188</gnm:Cell>
        <gnm:Cell Row="4" Col="2" ValueType="40">-4.5</gnm:Cell>
        <gnm:Cell Row="4" Col="3" ValueType="40">1.8999999999999999</gnm:Cell>
        <gnm:Cell Row="4" Col="4" ExprID="2"/>
        <gnm:Cell Row="5" Col="0" ValueType="40">5</gnm:Cell>
        <gnm:Cell Row="5" Col="1" ValueType="40">0.157</gnm:Cell>
        <gnm:Cell Row="5" Col="2" ValueType="40">-4.5099999999999998</gnm:Cell>
        <gnm:Cell Row="5" Col="3" ValueType="40">2.29</gnm:Cell>
        <gnm:Cell Row="5" Col="4" ExprID="2"/>
        <gnm:Cell Row="6" Col="0" ValueType="40">6</gnm:Cell>
        <gnm:Cell Row="6" Col="1" ValueType="40">0.13300000000000001</gnm:Cell>
        <gnm:Cell Row="6" Col="2" ValueType="40">-4.4400000000000004</gnm:Cell>
        <gnm:Cell Row="6" Col="3" ValueType="40">2.6400000000000001</gnm:Cell>
        <gnm:Cell Row="6" Col="4" ExprID="2"/>
        <gnm:Cell Row="7" Col="0" ValueType="40">7</gnm:Cell>
        <gnm:Cell Row="7" Col="1" ValueType="40">0.114</gnm:Cell>
        <gnm:Cell Row="7" Col="2" ValueType="40">-4.3899999999999997</gnm:Cell>
        <gnm:Cell Row="7" Col="3" ValueType="40">2.96</gnm:Cell>
        <gnm:Cell Row="7" Col="4" ExprID="2"/>
        <gnm:Cell Row="8" Col="0" ValueType="40">8</gnm:Cell>
        <gnm:Cell Row="8" Col="1" ValueType="40">0.097500000000000003</gnm:Cell>
        <gnm:Cell Row="8" Col="2" ValueType="40">-4.3700000000000001</gnm:Cell>
        <gnm:Cell Row="8" Col="3" ValueType="40">3.2599999999999998</gnm:Cell>
        <gnm:Cell Row="8" Col="4" ExprID="2"/>
        <gnm:Cell Row="9" Col="0" ValueType="40">9</gnm:Cell>
        <gnm:Cell Row="9" Col="1" ValueType="40">0.082699999999999996</gnm:Cell>
        <gnm:Cell Row="9" Col="2" ValueType="40">-4.3899999999999997</gnm:Cell>
        <gnm:Cell Row="9" Col="3" ValueType="40">3.54</gnm:Cell>
        <gnm:Cell Row="9" Col="4" ExprID="2"/>
        <gnm:Cell Row="10" Col="0" ValueType="40">10</gnm:Cell>
        <gnm:Cell Row="10" Col="1" ValueType="40">0.070199999999999999</gnm:Cell>
        <gnm:Cell Row="10" Col="2" ValueType="40">-4.3899999999999997</gnm:Cell>
        <gnm:Cell Row="10" Col="3" ValueType="40">3.79</gnm:Cell>
        <gnm:Cell Row="10" Col="4" ExprID="2"/>
      </gnm:Cells>
      <gnm:MergedRegions>
        <gnm:Merge>G1:I1</gnm:Merge>
      </gnm:MergedRegions>
      <gnm:SheetLayout TopLeft="A1"/>
      <gnm:Solver ModelType="0" ProblemType="0" MaxTime="60" MaxIter="1000" NonNeg="1" Discr="0" AutoScale="0" ProgramR="0" SensitivityR="0"/>
    </gnm:Sheet>
    <gnm:Sheet DisplayFormulas="0" HideZero="0" HideGrid="0" HideColHeader="0" HideRowHeader="0" DisplayOutlines="1" OutlineSymbolsBelow="1" OutlineSymbolsRight="1" Visibility="GNM_SHEET_VISIBILITY_VISIBLE" GridColor="0:0:0">
      <gnm:Name>Feuille2</gnm:Name>
      <gnm:MaxCol>-1</gnm:MaxCol>
      <gnm:MaxRow>-1</gnm:MaxRow>
      <gnm:Zoom>1</gnm:Zoom>
      <gnm:Names>
        <gnm:Name>
          <gnm:name>Print_Area</gnm:name>
          <gnm:value>#REF!</gnm:value>
          <gnm:position>A1</gnm:position>
        </gnm:Name>
        <gnm:Name>
          <gnm:name>Sheet_Title</gnm:name>
          <gnm:value>&quot;Feuille2&quot;</gnm:value>
          <gnm:position>A1</gnm:position>
        </gnm:Name>
      </gnm:Names>
      <gnm:PrintInformation>
        <gnm:Margins>
          <gnm:top Points="120" PrefUnit="mm"/>
          <gnm:bottom Points="120" PrefUnit="mm"/>
          <gnm:left Points="72" PrefUnit="mm"/>
          <gnm:right Points="72" PrefUnit="mm"/>
          <gnm:header Points="72" PrefUnit="mm"/>
          <gnm:footer Points="72" PrefUnit="mm"/>
        </gnm:Margins>
        <gnm:Scale type="percentage" percentage="100"/>
        <gnm:vcenter value="0"/>
        <gnm:hcenter value="0"/>
        <gnm:grid value="0"/>
        <gnm:even_if_only_styles value="0"/>
        <gnm:monochrome value="0"/>
        <gnm:draft value="0"/>
        <gnm:titles value="0"/>
        <gnm:do_not_print value="0"/>
        <gnm:print_range value="GNM_PRINT_ACTIVE_SHEET"/>
        <gnm:order>d_then_r</gnm:order>
        <gnm:orientation>portrait</gnm:orientation>
        <gnm:Header Left="" Middle="&amp;[TAB]" Right=""/>
        <gnm:Footer Left="" Middle="Page &amp;[PAGE]" Right=""/>
        <gnm:paper>iso_a4</gnm:paper>
        <gnm:comments placement="GNM_PRINT_COMMENTS_IN_PLACE"/>
        <gnm:errors PrintErrorsAs="GNM_PRINT_ERRORS_AS_DISPLAYED"/>
      </gnm:PrintInformation>
      <gnm:Styles>
        <gnm:StyleRegion startCol="0" startRow="0" endCol="255" endRow="65535">
          <gnm:Style HAlign="GNM_HALIGN_GENERAL" VAlign="GNM_VALIGN_BOTTOM" WrapText="0" ShrinkToFit="0" Rotation="0" Shade="0" Indent="0" Locked="1" Hidden="0" Fore="0:0:0" Back="FFFF:FFFF:FFFF" PatternColor="0:0:0" Format="General">
            <gnm:Font Unit="10" Bold="0" Italic="0" Underline="0" StrikeThrough="0" Script="0">Sans</gnm:Font>
          </gnm:Style>
        </gnm:StyleRegion>
      </gnm:Styles>
      <gnm:Cols DefaultSizePts="48"/>
      <gnm:Rows DefaultSizePts="13.5"/>
      <gnm:Selections CursorCol="0" CursorRow="0">
        <gnm:Selection startCol="0" startRow="0" endCol="0" endRow="0"/>
      </gnm:Selections>
      <gnm:Cells/>
      <gnm:SheetLayout TopLeft="A1"/>
      <gnm:Solver ModelType="0" ProblemType="0" MaxTime="60" MaxIter="1000" NonNeg="1" Discr="0" AutoScale="0" ProgramR="0" SensitivityR="0"/>
    </gnm:Sheet>
    <gnm:Sheet DisplayFormulas="0" HideZero="0" HideGrid="0" HideColHeader="0" HideRowHeader="0" DisplayOutlines="1" OutlineSymbolsBelow="1" OutlineSymbolsRight="1" Visibility="GNM_SHEET_VISIBILITY_VISIBLE" GridColor="0:0:0">
      <gnm:Name>Feuille3</gnm:Name>
      <gnm:MaxCol>-1</gnm:MaxCol>
      <gnm:MaxRow>-1</gnm:MaxRow>
      <gnm:Zoom>1</gnm:Zoom>
      <gnm:Names>
        <gnm:Name>
          <gnm:name>Print_Area</gnm:name>
          <gnm:value>#REF!</gnm:value>
          <gnm:position>A1</gnm:position>
        </gnm:Name>
        <gnm:Name>
          <gnm:name>Sheet_Title</gnm:name>
          <gnm:value>&quot;Feuille3&quot;</gnm:value>
          <gnm:position>A1</gnm:position>
        </gnm:Name>
      </gnm:Names>
      <gnm:PrintInformation>
        <gnm:Margins>
          <gnm:top Points="120" PrefUnit="mm"/>
          <gnm:bottom Points="120" PrefUnit="mm"/>
          <gnm:left Points="72" PrefUnit="mm"/>
          <gnm:right Points="72" PrefUnit="mm"/>
          <gnm:header Points="72" PrefUnit="mm"/>
          <gnm:footer Points="72" PrefUnit="mm"/>
        </gnm:Margins>
        <gnm:Scale type="percentage" percentage="100"/>
        <gnm:vcenter value="0"/>
        <gnm:hcenter value="0"/>
        <gnm:grid value="0"/>
        <gnm:even_if_only_styles value="0"/>
        <gnm:monochrome value="0"/>
        <gnm:draft value="0"/>
        <gnm:titles value="0"/>
        <gnm:do_not_print value="0"/>
        <gnm:print_range value="GNM_PRINT_ACTIVE_SHEET"/>
        <gnm:order>d_then_r</gnm:order>
        <gnm:orientation>portrait</gnm:orientation>
        <gnm:Header Left="" Middle="&amp;[TAB]" Right=""/>
        <gnm:Footer Left="" Middle="Page &amp;[PAGE]" Right=""/>
        <gnm:paper>iso_a4</gnm:paper>
        <gnm:comments placement="GNM_PRINT_COMMENTS_IN_PLACE"/>
        <gnm:errors PrintErrorsAs="GNM_PRINT_ERRORS_AS_DISPLAYED"/>
      </gnm:PrintInformation>
      <gnm:Styles>
        <gnm:StyleRegion startCol="0" startRow="0" endCol="255" endRow="65535">
          <gnm:Style HAlign="GNM_HALIGN_GENERAL" VAlign="GNM_VALIGN_BOTTOM" WrapText="0" ShrinkToFit="0" Rotation="0" Shade="0" Indent="0" Locked="1" Hidden="0" Fore="0:0:0" Back="FFFF:FFFF:FFFF" PatternColor="0:0:0" Format="General">
            <gnm:Font Unit="10" Bold="0" Italic="0" Underline="0" StrikeThrough="0" Script="0">Sans</gnm:Font>
          </gnm:Style>
        </gnm:StyleRegion>
      </gnm:Styles>
      <gnm:Cols DefaultSizePts="48"/>
      <gnm:Rows DefaultSizePts="13.5"/>
      <gnm:Selections CursorCol="0" CursorRow="0">
        <gnm:Selection startCol="0" startRow="0" endCol="0" endRow="0"/>
      </gnm:Selections>
      <gnm:Cells/>
      <gnm:SheetLayout TopLeft="A1"/>
      <gnm:Solver ModelType="0" ProblemType="0" MaxTime="60" MaxIter="1000" NonNeg="1" Discr="0" AutoScale="0" ProgramR="0" SensitivityR="0"/>
    </gnm:Sheet>
  </gnm:Sheets>
  <gnm:UIData SelectedTab="0"/>
</gnm:Workbook>
